-- MySQL dump 10.13  Distrib 8.0.33, for Linux (x86_64)
--
-- Host: localhost    Database: blachere_crm
-- ------------------------------------------------------
-- Server version	8.0.33-0ubuntu0.22.04.2

/*!40101 SET @OLD_CHARACTER_SET_CLIENT=@@CHARACTER_SET_CLIENT */;
/*!40101 SET @OLD_CHARACTER_SET_RESULTS=@@CHARACTER_SET_RESULTS */;
/*!40101 SET @OLD_COLLATION_CONNECTION=@@COLLATION_CONNECTION */;
/*!50503 SET NAMES utf8mb4 */;
/*!40103 SET @OLD_TIME_ZONE=@@TIME_ZONE */;
/*!40103 SET TIME_ZONE='+00:00' */;
/*!40014 SET @OLD_UNIQUE_CHECKS=@@UNIQUE_CHECKS, UNIQUE_CHECKS=0 */;
/*!40014 SET @OLD_FOREIGN_KEY_CHECKS=@@FOREIGN_KEY_CHECKS, FOREIGN_KEY_CHECKS=0 */;
/*!40101 SET @OLD_SQL_MODE=@@SQL_MODE, SQL_MODE='NO_AUTO_VALUE_ON_ZERO' */;
/*!40111 SET @OLD_SQL_NOTES=@@SQL_NOTES, SQL_NOTES=0 */;

--
-- Table structure for table `clients`
--

DROP TABLE IF EXISTS `clients`;
/*!40101 SET @saved_cs_client     = @@character_set_client */;
/*!50503 SET character_set_client = utf8mb4 */;
CREATE TABLE `clients` (
  `id` int NOT NULL AUTO_INCREMENT,
  `entity` varchar(255) DEFAULT NULL,
  `type` enum('Company','City','Shopping') DEFAULT NULL,
  PRIMARY KEY (`id`)
) ENGINE=InnoDB AUTO_INCREMENT=9 DEFAULT CHARSET=utf8mb4 COLLATE=utf8mb4_0900_ai_ci;
/*!40101 SET character_set_client = @saved_cs_client */;

--
-- Dumping data for table `clients`
--

LOCK TABLES `clients` WRITE;
/*!40000 ALTER TABLE `clients` DISABLE KEYS */;
INSERT INTO `clients` VALUES (1,'Forum coimbra','Shopping'),(2,'Alma','Shopping'),(3,'Coimbra shopping','Shopping'),(4,'France','City'),(5,'Portugal','City'),(6,'Espanha','City'),(7,'Coca cola','Company'),(8,'Mercadinho da DONA','Company');
/*!40000 ALTER TABLE `clients` ENABLE KEYS */;
UNLOCK TABLES;

--
-- Table structure for table `clients_contacts`
--

DROP TABLE IF EXISTS `clients_contacts`;
/*!40101 SET @saved_cs_client     = @@character_set_client */;
/*!50503 SET character_set_client = utf8mb4 */;
CREATE TABLE `clients_contacts` (
  `client_id` int DEFAULT NULL,
  `contact_id` int DEFAULT NULL,
  KEY `client_id` (`client_id`),
  KEY `contact_id` (`contact_id`),
  CONSTRAINT `clients_contacts_ibfk_1` FOREIGN KEY (`client_id`) REFERENCES `clients` (`id`),
  CONSTRAINT `clients_contacts_ibfk_2` FOREIGN KEY (`contact_id`) REFERENCES `contacts` (`id`)
) ENGINE=InnoDB DEFAULT CHARSET=utf8mb4 COLLATE=utf8mb4_0900_ai_ci;
/*!40101 SET character_set_client = @saved_cs_client */;

--
-- Dumping data for table `clients_contacts`
--

LOCK TABLES `clients_contacts` WRITE;
/*!40000 ALTER TABLE `clients_contacts` DISABLE KEYS */;
INSERT INTO `clients_contacts` VALUES (1,45),(1,69),(2,466),(2,669),(2,223),(3,469),(4,523),(4,569),(6,541),(6,577),(7,941),(7,977),(8,942),(8,177);
/*!40000 ALTER TABLE `clients_contacts` ENABLE KEYS */;
UNLOCK TABLES;

--
-- Table structure for table `contacts`
--

DROP TABLE IF EXISTS `contacts`;
/*!40101 SET @saved_cs_client     = @@character_set_client */;
/*!50503 SET character_set_client = utf8mb4 */;
CREATE TABLE `contacts` (
  `id` int NOT NULL AUTO_INCREMENT,
  `name` varchar(255) NOT NULL,
  `email` varchar(255) NOT NULL,
  `phone` varchar(20) DEFAULT '000000000000',
  PRIMARY KEY (`id`)
) ENGINE=InnoDB AUTO_INCREMENT=1001 DEFAULT CHARSET=utf8mb4 COLLATE=utf8mb4_0900_ai_ci;
/*!40101 SET character_set_client = @saved_cs_client */;

--
-- Dumping data for table `contacts`
--

LOCK TABLES `contacts` WRITE;
/*!40000 ALTER TABLE `contacts` DISABLE KEYS */;
INSERT INTO `contacts` VALUES (30,'Milan Caçoilo ','milan.caçoilo@yandex.com','966039385'),(31,'Jairo Cavalheiro ','jairo.cavalheiro@aol.com','997656852'),(32,'Estrela Carromeu Quinterno ','estrelacarromeuquinterno@live.com','981989257'),(33,'Oliver Lira Casqueira ','oliver.casqueira@hotmail.com','905965451'),(34,'Mel Jardim Belo ','melbelo363@qq.com','904455494'),(36,'Andriy Argolo Café ','andriycafé821@hotmail.com','933947433'),(37,'Iara Fortes ','iara.fortes@zoho.com','997500692'),(38,'Jefferson Miguéis Quintão ','jeffersonquintão@gmx.com','902923263'),(39,'Anita Mantas Zagalo ','aanita190@mail.ru','933824011'),(40,'Zlata Quintanilha Teixeira ','zlatateixeira747@yandex.com','942234789'),(41,'Luísa Barroca Pastana ','luísapastana@icloud.com','955953893'),(42,'Dominic Castanheda Bensaúde ','dominic.bensaúde@icloud.com','917730538'),(43,'Samaritana Álvares ','samaritanaálvares883@outlook.com','945986587'),(44,'Liam Campelo Torres ','liamtorres538@163.com','965860830'),(45,'Damien Alvelos Teves ','damienteves@protonmail.com','955164118'),(46,'Girisha Pastana Pedroso ','ggirisha424@mail.com','912444212'),(47,'Hugo Inácio ','hhugoinácio@outlook.com','941530227'),(48,'Agostinho Norões ','agostinhonorões@gmail.com','910778220'),(49,'Válter Barrico Marroquim ','válter.marroquim@mail.com','914296638'),(50,'Heloísa Bivar ','heloísa.bivar@yahoo.co.jp','928086532'),(51,'Liam Barroqueiro Simas Godinho ','liamgodinho@zoho.com','992433636'),(52,'Emma Fiães Pescada ','emmapescada@protonmail.com','905977204'),(53,'Kamila Bulhões Espargosa ','kamilabulhõesespargosa@outlook.com.br','909514042'),(54,'Deise Estrela Guerra ','deise729@outlook.com.br','932205758'),(55,'Mário Feira Basílio ','mmáriobasílio88@icloud.com','934596589'),(56,'Bento Marroquim Baião ','bbento309@inbox.com','985934274'),(57,'Luis Carreiro Castelo Branco ','luis.948@yahoo.co.jp','944877476'),(59,'Inara Sarmento Outeiro ','inara.outeiro@outlook.com','984687479'),(60,'Jefferson Marçal ','jeffersonmarçal961@hotmail.com','910852685'),(61,'Glória Negreiros Meneses Salgado ','glóriasalgado@protonmail.com','931521690'),(62,'Jael Simão ','jael670@outlook.com.br','988360272'),(63,'Cristal Ávila Albuquerque ','cristal.albuquerque@protonmail.com','935092779'),(64,'Geovana Basílio Beltrão ','geovana.beltrão@163.com','989920886'),(65,'Frederica Estrela ','ffredericaestrela975@yahoo.com','971426719'),(66,'Alex Feira ','alex.feira@hotmail.com','969564378'),(67,'Rosário Cavalheiro Paz ','rosáriopaz903@mail.com','964619479'),(68,'Elizabeth Roçadas ','eelizabethroçadas@rocketmail.com','978030540'),(69,'Glória Montenegro Farinha ','gglóriafarinha@protonmail.com','987826655'),(70,'Madalena Beltrão ','madalenabeltrão@mail.com','913190659'),(71,'Maryam Dorneles Mota ','maryammota690@gmail.com','987376887'),(72,'Walter Bivar Águeda ','walterbivarágueda@icloud.com','946703587'),(73,'Zita Pimentel Padilha ','zitapimentelpadilha@protonmail.com','946456514'),(74,'Alonso Lira Pinto ','alonsopinto@gmx.com','983448349'),(75,'Roberta Correia ','robertacorreia@protonmail.com','914528378'),(77,'Kayla Correia Guilheiro ','kayla.guilheiro@qq.com','996815343'),(78,'Cristal Valadim ','cristalvaladim682@aol.com','976943790'),(79,'Lira Castelo Branco ','lirabranco@yahoo.co.jp','937643009'),(80,'Lidiana Sandinha Toste ','llidianasandinhatoste@icloud.com','963443399'),(81,'Hilário Ávila Águeda ','hilário.águeda@aol.com','912075536'),(82,'Adam Meneses ','aadammeneses88@hotmail.com','957600180'),(83,'Deise Capucho Marroquim ','deisecapuchomarroquim@yandex.com','908557816'),(84,'Adriel Álvares Janes ','adrieljanes484@gmail.com','965583368'),(85,'Emma Custódio Mota Chainho ','emmachainho499@live.com','951466041'),(86,'Miguela Leão ','miguelaleão@yandex.com','976654492'),(87,'Oséias Alencar ','oséiasalencar@gmx.com','943225459'),(88,'Isadora Ávila Simas ','isadoraávilasimas@hotmail.com','927917995'),(89,'Aléxis Filipe Esteves ','aléxis.209@rocketmail.com','944344622'),(90,'Deise Pastana ','ddeisepastana@qq.com','949452445'),(91,'Santhiago Dâmaso Lousã ','santhiagolousã285@rocketmail.com','952582304'),(92,'Suéli Foquiço Teixeira ','suéli.teixeira762@qq.com','983403677'),(93,'Andrea Inácio ','andrea.inácio831@live.com','939371628'),(94,'Larissa Furquim Chainho ','l.chainho543@outlook.com','916449299'),(95,'Alba Ávila Bensaúde ','albaávilabensaúde@outlook.com','920089064'),(96,'Carminho Sarmento Tigre ','carminhotigre@gmx.com','951925661'),(97,'Damião Frois ','damiãofrois892@rocketmail.com','915902628'),(98,'Agatha Brás Arantes ','agathaarantes422@mail.ru','932540932'),(99,'Yangchen Beltrão Pais ','yangchenpais@mail.com','923824496'),(100,'Anaísa Esteves Trigueiro ','anaísatrigueiro@icloud.com','959455862'),(101,'William Norões ','williamnorões@qq.com','919330719'),(102,'Ísis Vergueiro Roçadas ','ísis.roçadas666@aol.com','949324517'),(103,'Melinda Janes ','mmelindajanes442@yandex.com','943929162'),(104,'Nikolas Damásio Sandinha ','nikolas.sandinha911@yandex.com','926908877'),(105,'Bernardo Brum ','bbernardobrum128@rocketmail.com','987027167'),(106,'Kelton Torres Belchiorinho ','kkeltonbelchiorinho@yandex.com','987209599'),(107,'Álvaro Sodré ','á.sodré@gmail.com','945256254'),(108,'Eder Angelim Chagas ','ederchagas@icloud.com','964154669'),(109,'Jerónimo Pinto Toste ','jjerónimotoste362@gmx.com','970206144'),(110,'Alda Madeira Severo ','aldasevero@zoho.com','961753695'),(111,'Luzia Paz ','luzia.paz@outlook.com','949968913'),(112,'Cármen Telinhos ','ccármentelinhos373@yandex.com','934509465'),(113,'Lua Sintra Carqueijeiro ','lua.carqueijeiro@mail.ru','944732154'),(114,'Nancy Filipe Marroquim ','nancy.marroquim@outlook.com','959735896'),(115,'Dilan Amorim ','dilanamorim955@protonmail.com','995841162'),(116,'Aron Valverde Guimarães ','aronguimarães@yandex.com','926715143'),(117,'Túlio Capucho ','ttúliocapucho@gmail.com','966595824'),(118,'Alice Barrico ','alicebarrico@yandex.com','957139984'),(119,'Francisca Cirne ','franciscacirne@mail.com','997453077'),(120,'Jessé Cambezes Marroquim ','jessémarroquim@yahoo.com','958276968'),(121,'Raul Argolo Jardim Miguéis ','raul.miguéis351@163.com','976569171'),(122,'Miguela Aquino ','miguelaaquino324@outlook.com.br','929330281'),(123,'Khadija Álvares Toste ','khadijatoste@mail.com','967741141'),(124,'Larissa Filipe Charneca ','l.492@protonmail.com','956589748'),(125,'Sabrina Correia ','sabrinacorreia235@live.com','905221604'),(126,'Ruan Barrico ','rruanbarrico@mail.ru','935945185'),(127,'Emma Marinho ','emmamarinho@outlook.com.br','916751949'),(128,'Henry Freiria ','henryfreiria@outlook.com.br','929988018'),(129,'Yu Custódio Sesimbra ','yusesimbra500@gmx.com','950985761'),(130,'Damião Ninharelhos Uchoa ','damião.uchoa26@yandex.com','932967789'),(131,'Liam Sodré Belo ','liambelo@mail.com','971361433'),(132,'Anaisa Avelar Vergueiro ','anaisa.vergueiro@live.com','924658806'),(133,'Lyara Quinterno Jardim ','lyarajardim@outlook.com','921725642'),(134,'Esperança Brum ','eesperançabrum@live.com','922229683'),(135,'Hugo Bivar ','hugo.bivar@outlook.com','949604925'),(136,'Alberto Campelo Miguéis Dourado ','albertodourado316@aol.com','952610269'),(137,'Diva Bensaúde ','diva.bensaúde@hotmail.com','996055293'),(138,'Izabella Severiano ','iizabellaseveriano938@outlook.com.br','994927619'),(139,'Aryana Sarmento ','aaryanasarmento@outlook.com.br','982309227'),(140,'Fernanda Beltrão ','ffernandabeltrão194@gmx.com','948023185'),(141,'Kauã Bencatel ','kauã.bencatel@gmail.com','939999009'),(142,'Daniil Candeias ','d.candeias@gmx.com','986393103'),(143,'Nikolas Inácio Baião ','nikolasbaião@qq.com','943319683'),(144,'Ariana Casqueira ','a.casqueira@mail.com','961845883'),(145,'Simona Osório Jardim ','simonajardim@inbox.com','932223683'),(146,'Débora Quintão Jardim ','déborajardim@yandex.com','921856757'),(147,'Simara Miguéis Lousã ','simara977@outlook.com','989185525'),(148,'Luan Branco ','lluanbranco@inbox.com','955565174'),(149,'Jorge Ramos Cerqueira ','jorgecerqueira@hotmail.com','959209859'),(150,'Siena Peralta ','siena296@qq.com','936350149'),(151,'Angelo Campelo Norões ','angelonorões173@live.com','931221693'),(152,'Janice Esteves Furquim ','janicefurquim428@gmx.com','926357952'),(153,'Concha Casqueira Fortes ','cconchacasqueirafortes@comcast.net','957984246'),(154,'Jun Valverde ','junvalverde@hotmail.com','987967204'),(155,'Hilário Vergueiro ','hiláriovergueiro610@mail.ru','992998734'),(156,'Bernardo Outeiro ','bernardo.outeiro63@mail.ru','907989102'),(157,'Ludmila Valadão Eanes ','ludmilaeanes@yahoo.com','927432087'),(158,'Levi Ramos ','leviramos@mail.com','991339908'),(159,'Camilo Montenegro ','camilo.montenegro719@mail.com','941384311'),(160,'Emma Teixeira ','emmateixeira@protonmail.com','951609555'),(161,'Hilário Farinha ','hiláriofarinha@mail.com','977411361'),(162,'Andrea Teves ','andreateves@gmail.com','980817639'),(163,'Micael Mont\'Alverne Mendonça ','micaelmendonça78@protonmail.com','923469410'),(164,'Filipe Bulhões ','filipebulhões@rocketmail.com','965840982'),(165,'Dante Outeiro Sintra ','dante.sintra@yandex.com','962267133'),(166,'Carmen Sesimbra ','c.sesimbra646@qq.com','904001711'),(167,'Emanuelle Outeiro Argolo ','e.argolo294@live.com','994466171'),(168,'Joabe Brum Mangueira ','jjoabe373@protonmail.com','930448626'),(169,'Jia Cachoeira ','jiacachoeira@yahoo.com','940279196'),(170,'Maitê Ramires Toste Leão ','maitê.152@aol.com','917208371'),(171,'Afonso Baião Capucho ','afonsocapucho@outlook.com','905605123'),(172,'Derek Chamusca Cruz Aquino ','derekaquino@mail.ru','982341541'),(173,'Thaís Fiães ','thaís.fiães@yandex.com','978028041'),(174,'Charlotte Beltrão ','charlottebeltrão167@aol.com','942265466'),(175,'Dinis Pedro Regalado ','dinisregalado@mail.ru','942339144'),(176,'Salomão Lobato Noronha Negreiros ','salomãolobatonoronhanegreiros@live.com','941178681'),(177,'Elisabeth Távora ','elisabeth.távora@inbox.com','954347268'),(178,'Aurea Severiano ','aurea.severiano87@zoho.com','944607844'),(179,'Ticiana Quintão ','ticianaquintão@yahoo.co.jp','988099111'),(180,'Eliza Filipe Cirne ','elizacirne@inbox.com','965395648'),(181,'Igor Casqueira Abelho ','igorabelho741@mail.ru','943999954'),(182,'Milan Gago ','milan439@qq.com','919274940'),(183,'Richard Cruz ','rrichardcruz904@163.com','985869381'),(184,'Jessé Furquim Sodré ','jessésodré@163.com','947508874'),(185,'Rossana Quinterno ','rossana.quinterno@yahoo.com','971288218'),(186,'Cristina Cerqueira Caçoilo Pinto ','cristinapinto@gmail.com','954492507'),(187,'Ivy Valadão ','ivyvaladão@live.com','914855329'),(188,'Walter Vargas ','walter.vargas@icloud.com','981931610'),(189,'Linda Mourinho ','linda.mourinho@yahoo.co.jp','949704501'),(190,'Yuri Guimarães Telinhos ','yuritelinhos885@yahoo.com','924594059'),(191,'Ari Balsemão ','aaribalsemão690@aol.com','945578141'),(192,'Eden Simão ','edensimão417@163.com','901216238'),(193,'Giovanni Noleto ','giovanninoleto555@gmx.com','992210852'),(194,'Perla Inácio ','perla.inácio850@inbox.com','950473766'),(195,'Ibrahima Marçal ','ibrahimamarçal@protonmail.com','951371563'),(196,'Julieta Barreto Laureano ','jjulietalaureano@outlook.com.br','901990815'),(197,'Yi Morais Eanes ','yieanes@yahoo.com','916502449'),(198,'Bryan Candeias Marinho ','bbryanmarinho@live.com','988840216'),(199,'Concha Mota Brasil ','concha.brasil968@aol.com','911479123'),(200,'Magda Sardinha Ramos ','magdaramos@mail.ru','911309637'),(201,'Nancy Sesimbra Matosinhos Lousã ','nancylousã@yandex.com','976910085'),(202,'Jasmina Pinto Paz ','jjasminapaz495@aol.com','934161040'),(203,'Ariana Ramires Abreu ','ariana470@yahoo.co.jp','999507951'),(204,'Angelo Casqueira Simão ','angelosimão@gmail.com','990033016'),(205,'Saúl Marinho Quintão ','saúlquintão@aol.com','922234361'),(206,'Dayane Lobato Seabra ','dayane.seabra@comcast.net','906449935'),(207,'Débora Fitas ','déborafitas351@aol.com','920445440'),(208,'Stefany Noleto Regalado ','stefanyregalado@outlook.com.br','919643824'),(209,'Angélica Brião ','angélicabrião654@outlook.com.br','935343732'),(210,'Diogo Uchoa Inácio ','diogo.inácio@aol.com','907596464'),(211,'Dominic Marçal Valverde ','dominic.valverde@yahoo.com','930171411'),(212,'Liana Estrela Estrela Passarinho ','llianaestrelaestrelapassarinho@outlook.com','948647382'),(213,'Jairo Cerqueira ','jjairo432@aol.com','929595877'),(214,'Maribel Sintra ','maribel.sintra763@inbox.com','928106745'),(215,'Lueji Brião Paz ','lueji.paz@qq.com','986012060'),(216,'Oleksandr Avelar Aquino ','ooleksandraquino984@yahoo.co.jp','950346333'),(217,'André Águeda Parracho ','andré.parracho@yahoo.com','950584164'),(218,'Seerat Damásio Severo ','seeratsevero@mail.ru','950658889'),(219,'Rúben Toste ','rrúben461@yahoo.co.jp','900482887'),(220,'Salomão Belchiorinho ','salomãobelchiorinho111@comcast.net','930032798'),(221,'Zihao Mourinho Galante Lourenço ','zihaolourenço135@gmx.com','913358844'),(222,'Siena Negreiros ','siena.681@mail.ru','987802602'),(223,'Kendra Avelar ','kkendra751@mail.ru','991576103'),(224,'Nikolas Moreno Dorneles ','nikolasdorneles933@comcast.net','974556923'),(225,'Kleyton Valverde Cavalheiro ','kleytonvalverdecavalheiro@outlook.com','972467727'),(226,'Frederico Freiria Ávila Sales ','frederico.sales@hotmail.com','938632798'),(227,'Viktoria Vargas Severo Padilha ','viktoria.padilha@mail.com','929428312'),(228,'João Caçoilo ','jjoãocaçoilo@hotmail.com','916097012'),(229,'Rossana Padilha Branco ','rossanabranco85@rocketmail.com','920823522'),(230,'Jane Cachoeira Sales ','janesales@rocketmail.com','919051342'),(231,'Sarah Bivar Campelo ','sarahcampelo@inbox.com','953289868'),(232,'Emanuela Marçal Candeias ','emanuelacandeias76@protonmail.com','962521827'),(233,'Aleksandr Casqueira ','aleksandrcasqueira@outlook.com','977218847'),(234,'Alexa Bulhões ','a.bulhões@qq.com','975121940'),(235,'Denzel Valadão ','denzel449@outlook.com','918856049'),(236,'James Guilheiro Janes Casqueira ','jamescasqueira269@yahoo.co.jp','976329320'),(237,'Simon Charneca Sardinha ','simonsardinha@qq.com','986772339'),(238,'Adriele Damásio Casqueira ','adrielecasqueira687@live.com','963383129'),(239,'Fedra Brião ','fedrabrião@yahoo.co.jp','937386826'),(240,'Rúben Pais Marroquim ','rúbenmarroquim@comcast.net','966440383'),(241,'Kleyton Casqueira ','kleyton.819@zoho.com','906219050'),(242,'Viktoriya Simas Lousã ','v.lousã@inbox.com','958603899'),(243,'Léon Curado Belchiorinho ','léon.belchiorinho@hotmail.com','925089433'),(244,'Roberta Frias ','robertafrias@yahoo.com','903528058'),(245,'Saúl Mantas Valverde ','saúlvalverde333@mail.ru','901082996'),(246,'Derek Marroquim Furtado ','derekfurtado@zoho.com','985769912'),(247,'Gustavo Sodré Quintão ','gustavoquintão@outlook.com','993298994'),(248,'Fatima Madeira ','fatimamadeira@163.com','914795013'),(249,'Alessia Baião Bensaúde ','alessiabensaúde@gmail.com','911974697'),(250,'Lucy Maranhão Marroquim Lobato ','lucy.lobato@outlook.com','967955504'),(251,'Madalena Parracho ','madalenaparracho@outlook.com.br','984963990'),(252,'Aliya Arantes ','aliyaarantes@inbox.com','907390714'),(253,'Denzel Passarinho Bivar ','denzel836@aol.com','902408404'),(254,'Yannick Cirne ','yannickcirne362@icloud.com','944198802'),(255,'Maximus Avelar Guilheiro ','maximusguilheiro603@yahoo.co.jp','901994260'),(256,'Daniil Guimarães Marçal ','ddaniilmarçal509@mail.ru','989837700'),(257,'Asael Campelo Castanheda Paião ','asaelpaião@inbox.com','917750235'),(258,'Flora Letras ','flora.letras@aol.com','951122464'),(259,'Adrián Maior ','adrián.maior@comcast.net','957732269'),(260,'Diva Barroca ','divabarroca969@inbox.com','903351937'),(261,'Kamila Negreiros ','kamilanegreiros@gmail.com','977216824'),(262,'Dádiva Ávila ','dádivaávila@inbox.com','936414988'),(263,'Telmo Brasil Frias ','telmo.frias898@hotmail.com','979832345'),(264,'Angelo Bulhões Noronha Águeda ','aangelo817@gmx.com','913695106'),(265,'Fátima Valadim ','ffátimavaladim@comcast.net','946240327'),(266,'Jasmeen Ninharelhos Filipe ','jasmeenfilipe@protonmail.com','950054264'),(267,'Linda Uchoa ','lindauchoa@rocketmail.com','959785513'),(268,'Dante Angelim Bencatel ','ddantebencatel@yandex.com','951833667'),(269,'Ludmila Lessa Espargosa ','lludmilaespargosa@outlook.com','978151082'),(270,'Kiamy Café Vergueiro ','kiamy.vergueiro@zoho.com','985905671'),(271,'Evandro Teves Beltrão ','evandrobeltrão@hotmail.com','912606878'),(272,'Ayla Telinhos ','ayla.telinhos@aol.com','976495833'),(273,'Azael Guerra ','azael.guerra434@mail.com','931914601'),(274,'Pavel Marinho Ávila Teixeira ','pavelteixeira@yahoo.com','944545530'),(275,'Jael Farinha ','jaelfarinha@rocketmail.com','902809598'),(276,'Nuno Frois ','nunofrois@163.com','905855960'),(277,'Chloé Espargosa Parracho ','c.espargosaparracho@rocketmail.com','976926142'),(278,'Adriel Guerra Janes Vidigal ','adrielvidigal738@mail.com','917367814'),(279,'Lyara Távora ','lyaratávora@yahoo.com','918408974'),(280,'Isis Telinhos Simas ','iisissimas1000@qq.com','909508724'),(281,'Lina Mendonça ','linamendonça329@comcast.net','940491798'),(282,'Valentin Casqueira ','valentincasqueira290@icloud.com','942616801'),(283,'Jadir Chagas Simão Ataíde ','jadirataíde@rocketmail.com','911000854'),(284,'Denis Quintão Uchoa ','denisuchoa@protonmail.com','950438451'),(285,'Marcelino Brasil ','marcelino957@outlook.com','916038631'),(286,'Jerónimo Álvares Osório ','j.osório962@comcast.net','960787989'),(287,'Giovanni Simão ','giovannisimão@rocketmail.com','995420958'),(288,'Emília Tristão Pedroso ','emíliapedroso233@gmx.com','965358339'),(289,'Isadora Ávila ','i.ávila552@yandex.com','937845381'),(290,'Dinis Paz Frias ','dinisfrias@qq.com','991372065'),(291,'Alexa Castanheda Aquino ','alexacastanhedaaquino@comcast.net','921602013'),(292,'Jia Tomé Torres Argolo ','jia.tométorresargolo@yahoo.com','989945706'),(293,'Aliyha Águeda ','aliyha.águeda870@zoho.com','909178906'),(294,'Séfora Foquiço ','séforafoquiço420@163.com','999294681'),(295,'Luan Souto Frois Beltrão ','luan.beltrão@gmx.com','901312576'),(296,'Rúdi Dourado ','rúdidourado627@aol.com','986252498'),(297,'Anaísa Casqueira ','anaísa.casqueira@icloud.com','985576435'),(298,'Alonso Sandinha Roçadas ','alonsoroçadas744@yahoo.co.jp','945254021'),(299,'William Dorneles ','williamdorneles@mail.com','953187480'),(300,'Anabela Torres ','anabelatorres@163.com','913519562'),(301,'Milan Madeira Frois ','milanfrois148@icloud.com','909988287'),(302,'Rebecca Bingre Pescada ','rebeccapescada@hotmail.com','973587273'),(303,'Pandora Angelim Leão ','pandoraleão@mail.com','906249859'),(304,'Walter Mangueira Valadão Pimentel ','walter.pimentel20@inbox.com','913471465'),(305,'Perla Branco Brasil ','perlabrasil@protonmail.com','974758216'),(306,'Sasha Mangueira Águeda Valadão ','sashavaladão193@aol.com','981468791'),(307,'Sarah Vargas ','sarah.vargas@yahoo.com','996147006'),(308,'Suri Correia ','suri.correia@rocketmail.com','915099573'),(309,'Melina Paião Noronha ','melinanoronha659@outlook.com','954097037'),(310,'Ísis Orriça ','í.orriça@gmx.com','938162313'),(311,'Leia Simão ','leia.simão236@qq.com','967769455'),(312,'Virgínia Lousã Carqueijeiro ','virgíniacarqueijeiro@live.com','907272533'),(313,'Zlata Torreiro ','zlatatorreiro@yahoo.com','986779925'),(314,'Kayla Sintra Cerqueira Casqueira ','kkaylacasqueira878@mail.com','933159867'),(315,'Marisol Pescada Keil ','marisolkeil578@outlook.com.br','942448768'),(316,'Kévim Alencar Colaço Pescada ','kkévimalencarcolaçopescada@protonmail.com','922304847'),(317,'Margarida Cruz Severiano ','margaridaseveriano@yahoo.co.jp','931474653'),(318,'Alex Paião ','alex.paião@hotmail.com','983749658'),(319,'Thaís Toste ','thaístoste@yahoo.co.jp','933002872'),(320,'Kevin Beltrão ','kevinbeltrão@live.com','972936356'),(321,'Bryan Feira Capucho ','bryancapucho102@163.com','979132533'),(322,'Dayra Paz Beltrão ','dayrabeltrão549@yahoo.co.jp','918364880'),(323,'Angelo Letras ','angeloletras@yahoo.co.jp','941698616'),(324,'Celeste Keil Frois ','celestefrois@yandex.com','965103538'),(325,'Kira Peseiro ','kirapeseiro@mail.com','979905052'),(326,'Rossana Brião Teixeira ','rossanateixeira@outlook.com','907716792'),(327,'João Belchiorinho ','joão525@yandex.com','927015059'),(328,'Eli Cavalheiro Valadim ','eelivaladim@163.com','988634046'),(329,'Bela Guilheiro Vergueiro ','bela.guilheirovergueiro@mail.com','993121268'),(330,'Aron Tristão Matosinhos ','aronmatosinhos@comcast.net','903375500'),(331,'Richard Pinto ','richardpinto@inbox.com','944150563'),(332,'Yuri Avelar ','yuriavelar928@comcast.net','944844015'),(333,'Miguela Mota Espargosa ','mmiguelaespargosa@outlook.com','945250527'),(334,'Leonor Marçal ','l.marçal@mail.com','971482479'),(335,'Heitor Chainho ','heitorchainho472@qq.com','993541292'),(336,'Fedra Álvares Severiano ','ffedraseveriano@comcast.net','910915206'),(337,'Yasmin Abelho Peralta ','yasmin.peralta@yahoo.com','974546877'),(338,'Diana Carvalho Teves ','diana.teves@qq.com','961151998'),(339,'Kévim Carreiro Vilarinho Branco ','kévim.branco@icloud.com','961312544'),(340,'Valentin Casqueira ','vvalentin448@163.com','900917285'),(341,'Sandra Guerra Eanes ','sandraeanes@protonmail.com','994385337'),(342,'George Torres Farinha ','georgefarinha@aol.com','905115672'),(343,'Ary Castelo Branco Salgado Ninharelhos ','aryninharelhos@yahoo.com','983977681'),(344,'Juliana Sodré Sarmento ','jjulianasarmento501@yandex.com','994522877'),(345,'Amélia Capucho ','aaméliacapucho929@yahoo.com','962093190'),(346,'Bryan Quinterno Sodré ','bryansodré@mail.com','967561938'),(347,'Nikolas Furquim Miguéis ','n.785@yahoo.co.jp','928687054'),(348,'Raphael Regalado ','r.891@outlook.com.br','925078200'),(349,'Emídio Salgado ','emídiosalgado@outlook.com','967922618'),(350,'Vladislav Sarmento Letras ','vladislav.letras@yahoo.com','938332559'),(351,'Sandra Laureano Outeiro ','sandra6@qq.com','900237337'),(352,'Silvestre Teixeira Bensaúde ','silvestrebensaúde@yahoo.co.jp','972879439'),(353,'Soraia Balsemão Caçoilo ','soraiabalsemãocaçoilo@icloud.com','998066264'),(354,'Jael Belchiorinho Lobato Maranhão ','jaelbelchiorinholobatomaranhão@comcast.net','950731697'),(355,'Tomás Bulhões ','tomás960@163.com','949865732'),(356,'Jennifer Mantas Noronha ','jennifernoronha@protonmail.com','926728571'),(357,'Miriam Frois Vergueiro ','miriam.vergueiro444@comcast.net','983970371'),(358,'Margarida Lessa Castanheda ','margaridacastanheda@live.com','910638916'),(359,'Ivy Casqueira Ninharelhos ','ivyninharelhos974@aol.com','915665083'),(360,'Valentim Mangueira ','valentimmangueira702@live.com','916833669'),(361,'Luan Argolo Noleto ','luannoleto@gmail.com','940715716'),(362,'Raphael Damásio Brião ','rraphaeldamásiobrião@yandex.com','965538248'),(363,'Muriel Paião Jardim ','murieljardim@inbox.com','908909979'),(364,'Anaya Melancia Furquim ','anayafurquim@zoho.com','975595008'),(365,'Carmen Frias Castanheda ','ccarmencastanheda212@qq.com','981582176'),(366,'Nataniel Balsemão Custódio Roçadas ','natanielroçadas67@outlook.com','915753220'),(367,'Brianna Correia Uchoa ','brianna867@icloud.com','918077887'),(368,'Lavínia Basílio ','lavíniabasílio115@rocketmail.com','986422029'),(369,'Martín Miguéis ','martínmiguéis@163.com','937066243'),(370,'Matias Dâmaso ','matiasdâmaso@inbox.com','979192918'),(371,'Dominika Madeira Torreiro ','ddominikatorreiro@live.com','915036855'),(372,'Dina Noronha Freiria ','dinanoronhafreiria@aol.com','992808127'),(373,'Dominique Keil Padilha ','dominiquepadilha@rocketmail.com','901142972'),(374,'Jessie Filipe Albuquerque ','jessie.albuquerque@163.com','996961343'),(375,'Andrea Toste Chamusca ','andrea.466@live.com','956254087'),(376,'Suri Dorneles ','suridorneles314@outlook.com','989687010'),(377,'Kyle Maior Colaço ','kkylecolaço653@yahoo.com','961136510'),(378,'Kévim Alencar Casqueira ','kévimcasqueira563@gmx.com','964342364'),(379,'Juliano Fortes Cerqueira ','julianocerqueira242@live.com','949452525'),(380,'Valentine Dorneles Valadim ','valentine109@live.com','982141399'),(381,'Joana Outeiro ','joanaouteiro366@mail.ru','904356867'),(382,'Leonardo Noleto Salgado ','leonardosalgado132@gmx.com','954452849'),(383,'Guilherme Espargosa Guerra ','guilhermeguerra375@yahoo.co.jp','960584848'),(384,'Eder Cerqueira Basílio Castelo Branco ','ederbranco@qq.com','917816754'),(385,'Harry Dourado ','harrydourado@gmail.com','949461248'),(386,'Lucy Campelo ','lucy.campelo@comcast.net','930172246'),(387,'Riana Curado ','rianacurado@yahoo.co.jp','905675167'),(388,'Santiago Chamusca Paião ','santiagopaião@outlook.com.br','945348212'),(389,'Laís Álvares Negreiros ','laísnegreiros@mail.com','960333952'),(390,'Tiago Pastana Telinhos ','tiagotelinhos47@gmx.com','946251563'),(391,'Marília Tigre Brum ','maríliabrum13@outlook.com.br','904028784'),(392,'Chloé Cerqueira ','chloécerqueira627@protonmail.com','932191605'),(393,'Eveline Vilar Sarmento ','evelinesarmento855@mail.ru','930328986'),(394,'Suzana Brasil ','suzanabrasil462@qq.com','932071103'),(395,'Kaya Foquiço Vilarinho ','kkayavilarinho@inbox.com','938088387'),(396,'Daria Peralta Baptista ','dariabaptista@outlook.com.br','988943555'),(397,'Ianis Alencar Severiano ','ianis.alencarseveriano@aol.com','952405297'),(398,'Levi Foquiço Balsemão Simão ','levi.simão@qq.com','935061690'),(399,'Cinara Dâmaso Figueiredo ','cinara.figueiredo@live.com','977519909'),(400,'Destiny Regalado Vilar ','destiny.vilar@yahoo.co.jp','962292094'),(401,'Filipe Trigueiro Meneses ','ffilipemeneses@outlook.com.br','970697323'),(402,'Max Inácio Barrico ','m.barrico797@aol.com','917357255'),(403,'Elisabeth Belchiorinho Regalado ','elisabethregalado624@mail.com','965898821'),(404,'Bernardo Chamusca ','bernardochamusca@163.com','995539114'),(405,'Stephany Souto ','stephanysouto@mail.ru','956713138'),(406,'Enoque Aquino ','enoque.aquino347@live.com','986704957'),(407,'Adrián Águeda Vilarinho ','aadrián771@yandex.com','980694011'),(408,'Marcus Tigre ','marcustigre@mail.ru','912544830'),(409,'Melody Fitas ','mmelodyfitas503@hotmail.com','909785748'),(410,'Madalena Peseiro ','madalenapeseiro@yandex.com','906350319'),(411,'Guilherme Palha ','g.palha@rocketmail.com','900252887'),(412,'Raul Regalado ','raul.regalado@outlook.com.br','918363618'),(413,'Morgana Galante ','morganagalante277@icloud.com','954123113'),(414,'Milene Sales ','milene.sales@hotmail.com','993793571'),(415,'Jun Fitas Sales ','j.sales@gmx.com','949970722'),(416,'Dayane Campelo Sarmento ','dayanesarmento911@mail.com','975191946'),(417,'Anna Parracho ','anna.parracho85@yahoo.co.jp','964336122'),(418,'Irís Sesimbra ','iríssesimbra@gmail.com','921526467'),(419,'Diamantino Severo ','diamantinosevero12@rocketmail.com','995778420'),(420,'Yana Bingre Charneca ','yanacharneca@comcast.net','999885838'),(421,'Khadija Janes Sarmento ','khadijasarmento362@163.com','995526929'),(422,'Djayson Tabosa Maranhão ','ddjaysonmaranhão957@zoho.com','952975190'),(423,'Miriam Galante Carreiro ','mmiriamcarreiro@yahoo.com','986685550'),(424,'Valentim Trigueiro Figueiredo Dorneles ','valentim.dorneles@yahoo.co.jp','967357444'),(425,'Daniil Sodré Candeias Farinha ','d.farinha579@qq.com','949820814'),(426,'Silvestre Casqueira Mota ','silvestremota@protonmail.com','909415408'),(427,'Maximus Balsemão ','maximusbalsemão@aol.com','954687540'),(428,'Otília Foquiço Regalado ','otíliaregalado83@163.com','946649523'),(429,'Ciara Brião Curado ','cciaracurado396@zoho.com','967675771'),(430,'Ohana Torreiro Águeda ','ohanatorreiroágueda@protonmail.com','983053798'),(431,'Adelaide Roçadas Carqueijeiro ','adelaidecarqueijeiro@protonmail.com','954648542'),(432,'Elisa Esteves Toste ','eelisatoste@aol.com','906030728'),(433,'Valentin Sarmento Norões ','valentinnorões@icloud.com','972721779'),(434,'Patrícia Parracho Inácio ','patríciainácio@rocketmail.com','941221214'),(435,'Sofia Dorneles ','sofiadorneles@comcast.net','975280515'),(436,'Mohammed Roçadas ','mohammedroçadas@outlook.com','902471515'),(437,'Mathias Sintra Fitas ','mathiasfitas423@mail.com','985467615'),(438,'Alda Quintanilha ','alda.quintanilha@yahoo.com','903382548'),(439,'Marley Barrico Marinho ','marleymarinho393@live.com','984950551'),(440,'Evelina Tabosa Palha ','evelina.tabosapalha@protonmail.com','954301642'),(441,'Aman Regalado ','amanregalado489@comcast.net','900555627'),(442,'Kylian Quinterno ','kylian.quinterno@163.com','936482611'),(443,'Agatha Chamusca Tristão ','agathatristão618@yahoo.com','989705837'),(444,'Madalena Tristão Guerra ','madalenaguerra16@outlook.com.br','914135383'),(445,'Ária Peseiro Brum ','áriabrum@zoho.com','974855338'),(446,'Eli Carreiro ','elicarreiro3@live.com','964424888'),(447,'Juan Lemos Janes ','juan.janes@zoho.com','941632860'),(448,'Ciara Inácio Bingre ','ciara.bingre@qq.com','971498653'),(449,'Enrique Custódio Tomé ','enrique.tomé@outlook.com.br','957908472'),(450,'Andressa Zagalo Frois ','aandressa828@mail.com','979137356'),(451,'Valentin Valverde ','vvalentin506@163.com','918439520'),(452,'Adam Avelar ','adam.avelar@inbox.com','903799518'),(453,'Simon Espargosa ','simonespargosa@yahoo.com','962173702'),(454,'Dilan Sardinha ','dilan.554@icloud.com','902503037'),(455,'Milana Eanes Vilar ','mmilanavilar684@gmx.com','958161025'),(456,'Emanuela Damásio Lousã ','emanuelalousã318@inbox.com','951676163'),(457,'Virgínia Cerqueira Cavalheiro Barreto ','virgínia.barreto@qq.com','943747508'),(458,'Gabriella Pimentel Damásio ','ggabrielladamásio@protonmail.com','917299365'),(459,'Helton Lessa ','heltonlessa472@qq.com','985005564'),(460,'Eduarda Estrela ','eduarda.estrela810@qq.com','925218379'),(461,'Ismael Pinto Basílio Castanheda ','i.castanheda510@gmx.com','944102351'),(462,'Sarah Salgado ','sarah.salgado718@outlook.com.br','968191858'),(463,'Evelin Vergueiro Sesimbra ','evelinsesimbra@rocketmail.com','991776222'),(464,'Piedade Filipe Pedro ','piedadepedro@zoho.com','910368960'),(465,'Estêvão Vidigal Sardinha ','estêvãosardinha735@qq.com','932090803'),(466,'Matteo Peseiro ','matteo.peseiro@mail.com','910621154'),(467,'Nikolas Tabosa ','nikolas280@protonmail.com','964091420'),(468,'Nancy Caçoilo ','nancycaçoilo@mail.com','914546362'),(469,'Ellie Barroca Valadim ','ellie.barrocavaladim@qq.com','905353782'),(470,'Raul Fiães ','raulfiães@comcast.net','975583641'),(471,'Crystal Pimentel ','crystal.821@icloud.com','939378335'),(472,'Girisha Quintão Tabosa ','girishatabosa@mail.ru','969794605'),(473,'Apolo Fortes Farinha ','apolo.farinha18@yahoo.co.jp','918538149'),(474,'Milana Salgado ','mmilanasalgado@hotmail.com','966953795'),(475,'Nataniel Tristão Maranhão ','nnatanielmaranhão12@qq.com','966371426'),(476,'Daniil Toste Passarinho ','daniil.passarinho@rocketmail.com','937743569'),(477,'James Galante Tomé ','jjames543@outlook.com','985123448'),(478,'Elisa Noronha ','elisa.noronha@zoho.com','990679881'),(479,'Léon Paz Balsemão ','léon.balsemão@protonmail.com','984982671'),(480,'Dinis Tomé Angelim ','dinisangelim@rocketmail.com','911395587'),(481,'Isaías Álvares ','isaíasálvares@aol.com','999966745'),(482,'Martin Bencatel Ávila ','martin.ávila349@outlook.com.br','928532443'),(483,'Virgínia Barroca Letras ','virgínialetras@icloud.com','949165894'),(484,'Messias Mangueira Maior Letras ','mmessiasletras@gmx.com','972822539'),(485,'Thiago Sardinha Palha ','thiagopalha@gmx.com','909197478'),(486,'Suzana Souto Fiães ','ssuzanafiães@hotmail.com','923655236'),(487,'Aléxis Paz Eanes Lourenço ','aléxislourenço@comcast.net','941472739'),(488,'Anselmo Castelo Branco Matosinhos ','anselmomatosinhos@mail.ru','959085611'),(489,'Anastacia Outeiro Vilar Barroca ','anastaciabarroca@163.com','929178525'),(490,'Maia Foquiço ','maiafoquiço@aol.com','966520374'),(491,'Liam Fiães ','liamfiães526@outlook.com','922787611'),(492,'Glória Barroca Chagas ','glóriachagas@rocketmail.com','994160132'),(493,'Álvaro Barrico ','áálvarobarrico@mail.com','945831692'),(494,'Marley Beltrão ','marleybeltrão@gmx.com','959974845'),(495,'Adélia Albuquerque Leão ','adélia.leão271@live.com','952047958'),(496,'Bernardo Caçoilo ','bernardocaçoilo@live.com','939276941'),(497,'Georgi Paz Vilarinho Aquino ','g.705@outlook.com','916550782'),(498,'Andra Bencatel ','andrabencatel@qq.com','941942609'),(499,'Anita Caçoilo Madeira ','anitamadeira541@yandex.com','937692687'),(500,'Dominique Furtado Tabosa Valadim ','dominiquevaladim@comcast.net','913263568'),(501,'Simara Fitas Brás ','simara.brás@live.com','990354175'),(502,'Isis Belo Marroquim ','isis.marroquim662@protonmail.com','982302160'),(503,'Sandra Ramires Barroca ','sandra.barroca411@gmx.com','967137596'),(504,'Jeremias Montenegro Vilar Álvares ','jeremias.álvares@zoho.com','961889816'),(505,'Santhiago Sintra Vargas ','santhiagovargas@rocketmail.com','992917661'),(506,'Yuri Ávila ','yuri.ávila882@inbox.com','979186869'),(507,'Jasmeet Inácio Barreto ','j.barreto891@yahoo.co.jp','902601758'),(508,'Benjamim Sales Bulhões ','benjamimbulhões@yahoo.co.jp','959088389'),(509,'Dina Lobato Galante Keil ','dinakeil218@outlook.com.br','975001150'),(510,'Marisol Fitas ','marisolfitas33@163.com','905344320'),(511,'Alexia Severiano Capucho ','alexia.capucho@yahoo.com','999266342'),(512,'Kimi Custódio ','kimicustódio@comcast.net','950917501'),(513,'Liz Bensaúde Farinha ','lizfarinha448@yahoo.co.jp','998107884'),(514,'Melody Cirne Keil ','melody.keil@inbox.com','990050338'),(515,'Jana Paz ','janapaz921@mail.com','938321976'),(516,'Damião Mantas Cachoeira ','damiãocachoeira114@gmx.com','992453598'),(517,'Geovanna Simas ','geovanna.simas@aol.com','991322832'),(518,'Fabian Fiães ','ffabianfiães687@gmail.com','930135046'),(519,'Damien Custódio Valverde ','damienvalverde@live.com','962065919'),(520,'Kleyton Mantas Chagas ','kleytonchagas@gmx.com','925073755'),(521,'Jesus Gago Castelo ','j.castelo462@yahoo.co.jp','976769164'),(522,'Mathias Sesimbra ','m.sesimbra@gmx.com','950676400'),(523,'Emma Valadim Sesimbra Pimentel ','emmapimentel724@live.com','991982897'),(524,'Fátima Melancia ','fátima.970@live.com','905268937'),(525,'Jasmina Castelo ','jjasminacastelo@hotmail.com','982841945'),(526,'Axel Freiria Outeiro ','axelfreiriaouteiro@gmx.com','919448991'),(527,'Kyami Custódio ','kyami.custódio@aol.com','962991671'),(528,'Wilson Telinhos Passarinho ','wilsonpassarinho@yahoo.co.jp','989594393'),(529,'Naiara Brum Frois ','naiara370@inbox.com','997876379'),(530,'Helder Castanheda Quinterno ','heldercastanhedaquinterno@zoho.com','922663774'),(531,'Kimi Estrela Madeira ','kkimimadeira@gmail.com','972668051'),(532,'Débora Telinhos ','ddéboratelinhos296@zoho.com','971874597'),(533,'Raul Carvalho ','rraulcarvalho488@aol.com','968178210'),(534,'Antônio Carreiro ','antôniocarreiro@aol.com','994082783'),(535,'Anaísa Meneses Alvelos ','anaísa.alvelos@protonmail.com','956495690'),(536,'Séfora Avelar ','séforaavelar@outlook.com.br','914773358'),(537,'Lorena Sesimbra ','lorenasesimbra@mail.com','932429696'),(538,'Joseph Sesimbra Aquino ','joseph.aquino@hotmail.com','938918946'),(539,'Dayane Cachoeira ','dayane682@qq.com','981327802'),(540,'Laís Pescada Dâmaso Pinto ','laíspescadadâmasopinto@hotmail.com','965581043'),(541,'Edwin Guimarães ','edwinguimarães@gmail.com','935091751'),(542,'Liana Seabra ','l.seabra@protonmail.com','963111369'),(543,'Steven Sesimbra Vidigal ','stevenvidigal488@outlook.com.br','911923102'),(544,'Rayane Osório Quintanilha ','rayane.412@protonmail.com','985014349'),(545,'Éric Marinho ','éric.65@outlook.com','922200467'),(546,'Elisabete Jardim Bulhões ','elisabetebulhões@mail.ru','964972626'),(547,'Celina Barrico Lemos ','celinalemos781@zoho.com','967457017'),(548,'Samaritana Pedro ','samaritana.pedro@hotmail.com','929379727'),(549,'Gaia Frias ','gaia313@mail.com','996297352'),(550,'Jacyara Miguéis Eanes ','jacyaramiguéiseanes@icloud.com','917664698'),(551,'Steven Brião Tabosa ','steven.tabosa@inbox.com','972952172'),(552,'Concha Passarinho ','conchapassarinho540@yahoo.com','902052620'),(553,'Helton Cruz Curado ','heltoncurado38@inbox.com','968101259'),(554,'Milene Farinha ','milenefarinha507@yahoo.com','919758648'),(555,'Bella Severo Barroca ','bellabarroca@qq.com','987781683'),(556,'Élson Castelo ','élsoncastelo@protonmail.com','977465116'),(557,'Charlotte Feira Albuquerque Seixas ','charlotteseixas@live.com','921495825'),(558,'Aylla Jardim ','aylla.jardim@yandex.com','908282080'),(559,'Estefânia Guilheiro ','estefâniaguilheiro@outlook.com','936276453'),(560,'Jandira Carvalho Toste ','jandiratoste@gmail.com','923023375'),(561,'Alexandra Mangueira Barreto ','alexandrabarreto@icloud.com','990457365'),(562,'Rafaela Lessa ','rafaela.lessa@aol.com','937755742'),(563,'Daiana Marroquim ','daiana704@gmx.com','966535449'),(564,'Éder Guimarães ','ééderguimarães@mail.ru','919600324'),(565,'Ayra Sodré ','aayra719@gmail.com','999862764'),(566,'Arianna Simão ','ariannasimão@hotmail.com','940427808'),(567,'Julieta Cavalheiro ','julietacavalheiro@hotmail.com','994911533'),(568,'Walter Quinterno Cerqueira ','waltercerqueira@gmx.com','986512284'),(569,'Piedade Dorneles ','piedadedorneles68@outlook.com.br','937288097'),(570,'Edwin Sandinha ','edwinsandinha@protonmail.com','940257925'),(571,'Aryana Marinho ','aryanamarinho@yahoo.com','992301906'),(572,'Vítor Teves Vilar ','vítor.vilar362@hotmail.com','916718971'),(573,'Maribel Campelo Brasil ','maribelbrasil@inbox.com','924429392'),(574,'Rúben Torreiro ','rúbentorreiro@protonmail.com','930790194'),(575,'Ayla Parracho Morais ','aylamorais@inbox.com','970554233'),(576,'Adele Sarmento ','adelesarmento297@outlook.com','967755989'),(577,'Kimberly Vergueiro Carvalho Brás ','k.brás@yahoo.co.jp','941293531'),(578,'Melody Sarmento ','melodysarmento775@yandex.com','948811620'),(579,'Raul Baião Pedro ','raulpedro387@zoho.com','945569461'),(580,'William Cerqueira Valadão ','william.valadão316@icloud.com','976322835'),(581,'Milene Albuquerque Zagalo ','milenezagalo10@yahoo.co.jp','900572367'),(582,'Kyle Cerqueira Guilheiro ','k.guilheiro@rocketmail.com','943485754'),(583,'Cristal Estrela ','cristalestrela795@zoho.com','989207480'),(584,'Madalena Mantas Dâmaso ','madalenadâmaso@mail.com','927334773'),(585,'Leia Charneca Dorneles ','lleia401@gmail.com','901332766'),(586,'Joabe Souto Damásio ','joabe.115@yandex.com','939292011'),(587,'Kayla Galante Lira ','kaylalira@mail.com','976639491'),(588,'Piedade Marroquim ','piedade.marroquim90@zoho.com','941825368'),(589,'Nikita Chamusca Capucho Foquiço ','nikitafoquiço@yandex.com','933976393'),(590,'Sebastião Furquim Vilarinho ','sebastiãovilarinho384@outlook.com','949591786'),(591,'Piedade Outeiro Telinhos ','piedadetelinhos@aol.com','924389997'),(592,'Suri Curado ','suricurado@outlook.com.br','981138312'),(593,'Girisha Regalado Pinto ','girishapinto867@yahoo.com','961353455'),(594,'Lyana Álvares ','lyana.álvares@rocketmail.com','922552382'),(595,'Iriana Lourenço ','iriana.lourenço2@gmail.com','909711445'),(596,'Léon Valverde Zagalo ','lléonzagalo@icloud.com','978255788'),(597,'Yasmin Montenegro ','yasminmontenegro372@comcast.net','997832197'),(598,'Breno Inácio Madeira ','breno.ináciomadeira@mail.ru','981822504'),(599,'Milan Alencar Pais Maranhão ','m.maranhão@aol.com','907309399'),(600,'Adélia Capucho ','adélia506@gmx.com','999577649'),(601,'Tom Sodré Correia ','tomcorreia@mail.ru','964077087'),(602,'Sebastian Curado Vilar ','sebastianvilar@protonmail.com','964303485'),(603,'Yu Meneses ','yu.meneses@hotmail.com','903967507'),(604,'Avelino Candeias Filipe ','avelino.candeiasfilipe@163.com','944533611'),(605,'Zlata Ramires Brião ','zlataramiresbrião@mail.com','979499317'),(606,'Soraya Uchoa ','sorayauchoa@icloud.com','916656062'),(607,'Kira Paz Freiria Passarinho ','kira.pazfreiriapassarinho@mail.com','976725299'),(608,'Lais Álvares ','laisálvares460@aol.com','976967506'),(609,'Lua Fortes Campelo ','lluacampelo@mail.ru','913614126'),(610,'Heitor Caçoilo ','heitor908@yahoo.com','979616119'),(611,'Elói Pimentel Sales ','elóipimentelsales@mail.ru','991042437'),(612,'Brian Letras ','brian.letras@rocketmail.com','934398386'),(613,'Sarah Jardim Toste Vilaça ','sarah.jardimtostevilaça@yahoo.co.jp','998585935'),(614,'Martinho Lessa Castanheda ','martinhocastanheda@mail.com','998953588'),(615,'Raphael Álvares Guimarães ','raphael.guimarães@protonmail.com','936150903'),(616,'Eleonor Meneses ','eeleonormeneses121@yahoo.com','990050234'),(617,'Aysha Maior Campos ','aayshacampos@163.com','937895876'),(618,'Elisabete Madeira ','elisabetemadeira@live.com','923788407'),(619,'Moisés Damásio Teves ','m.teves@comcast.net','933889643'),(620,'Lucas Mendonça ','lucasmendonça@hotmail.com','976078638'),(621,'Lyara Carqueijeiro ','lyaracarqueijeiro@yandex.com','924471056'),(622,'Nicolly Castanheda Peseiro ','nicollypeseiro@yandex.com','966319100'),(623,'Nina Távora Barreto Melancia ','nninamelancia@hotmail.com','957759146'),(624,'Elói Vilarinho Sandinha ','elóisandinha@outlook.com.br','962923973'),(625,'Georgi Tristão Colaço ','georgicolaço@outlook.com.br','997613869'),(626,'Ayra Ramos Tristão ','ayra.806@yandex.com','925697221'),(627,'Manuel Basílio Aquino ','manuelaquino562@zoho.com','943379755'),(628,'Nicolly Sardinha ','nnicollysardinha@gmx.com','974266650'),(629,'Amira Marçal Lira ','a.lira281@mail.ru','990766308'),(630,'Daniela Jardim ','daniela.jardim97@icloud.com','980529883'),(631,'Inaaya Quintanilha ','inaayaquintanilha@icloud.com','906888931'),(632,'Richard Seixas ','richardseixas@rocketmail.com','928917015'),(633,'Bebiana Amorim ','bebiana.amorim@zoho.com','947906453'),(634,'Jairo Filipe Carreiro ','jairocarreiro@qq.com','942051116'),(635,'Lua Inácio Valadim ','luavaladim@gmail.com','938880755'),(636,'Ayrton Cirne Quintão ','ayrton.quintão837@yahoo.co.jp','960190724'),(637,'Isabela Vilaça Dorneles ','isabelavilaçadorneles@outlook.com','952954631'),(638,'Nazar Severo Mota Morais ','nazar.morais@rocketmail.com','998111385'),(639,'Jesus Seabra Valadim ','jesusvaladim@163.com','908389232'),(640,'Ágata Capucho Maior Caçoilo ','ágatacaçoilo@rocketmail.com','906593196'),(641,'Antónia Barreto Montenegro ','antónia.montenegro@icloud.com','945410152'),(642,'Glória Basílio ','glóriabasílio@gmx.com','917389319'),(643,'Berenice Belo Barrico ','berenice.597@outlook.com.br','982510201'),(644,'Layra Barreto ','layra.barreto@icloud.com','979614194'),(645,'Rosalina Godinho Marçal ','rosalinagodinhomarçal@aol.com','940308250'),(646,'Liam Sarmento Vergueiro ','liam632@yahoo.com','983582774'),(647,'Thaís Távora Guimarães Sarmento ','tthaíssarmento@protonmail.com','959756050'),(648,'Teresinha Cerqueira Pinto ','teresinhapinto@outlook.com.br','966481184'),(649,'Fátima Tigre ','ffátimatigre@yahoo.com','984304615'),(650,'Mel Dourado Ramires ','melramires@gmail.com','960845493'),(651,'Francesca Valadão Belchiorinho ','ffrancesca760@hotmail.com','943325942'),(652,'Tabita Mourinho Teves ','ttabitateves@mail.com','983539848'),(653,'Alonso Keil Guilheiro ','alonso.guilheiro361@outlook.com.br','965407786'),(654,'Jorge Aquino ','jorgeaquino995@icloud.com','906823777'),(655,'Avelino Negreiros ','avelino.negreiros@mail.com','938151156'),(656,'Ísis Paz ','íísispaz@outlook.com.br','918750595'),(657,'Isis Mantas Regalado Colaço ','isis.colaço@mail.com','947989948'),(658,'Luiz Matosinhos ','luizmatosinhos@aol.com','916748027'),(659,'Aura Carqueijeiro Lobato ','a.lobato@live.com','951645343'),(660,'Verónica Telinhos ','verónicatelinhos@163.com','961408207'),(661,'Raina Ramires Álvares ','raina.álvares@live.com','930614031'),(662,'Suri Campelo Pimentel ','suripimentel@zoho.com','945586719'),(663,'Zaira Bensaúde Passarinho ','zaira.passarinho@icloud.com','909105017'),(664,'Kleyton Brás Meneses ','kkleytonmeneses@gmail.com','912032411'),(665,'Isac Tristão Vergueiro ','isacvergueiro@icloud.com','963749347'),(666,'Jonas Cachoeira ','jonascachoeira@inbox.com','930269241'),(667,'Cristian Sarmento Eanes Espargosa ','cristianespargosa197@rocketmail.com','994895381'),(668,'Estêvão Esteves ','estêvãoesteves@outlook.com.br','922793143'),(669,'Melinda Orriça Guilheiro ','mmelindaguilheiro@yahoo.com','921569898'),(670,'Amelia Foquiço Inácio ','aameliainácio882@outlook.com','996483618'),(671,'Otília Castanheda Osório ','otíliaosório@163.com','997241950'),(672,'Rebecca Chainho ','rebeccachainho830@rocketmail.com','973247194'),(673,'Anaisa Marçal ','anaisa88@protonmail.com','929974918'),(674,'Soraia Tigre ','soraia147@yahoo.co.jp','927886367'),(675,'Chloé Curado ','chloécurado812@mail.com','925991455'),(676,'Rodolfo Teves ','rodolfoteves@qq.com','951013176'),(677,'Latifa Belo ','latifabelo785@outlook.com.br','902582661'),(678,'Piedade Carqueijeiro Seixas ','piedadecarqueijeiroseixas@icloud.com','983446634'),(679,'Kamila Esteves Brasil ','kkamilabrasil@hotmail.com','954556158'),(680,'Guilherme Teixeira Campelo ','guilherme724@protonmail.com','990485719'),(681,'Lyara Peralta ','l.peralta@yahoo.co.jp','900395448'),(682,'Aurea Lessa Chagas ','aureachagas@mail.com','908961691'),(683,'Renata Belo Maranhão ','renatamaranhão@protonmail.com','930491023'),(684,'Jerónimo Sarmento ','jerónimosarmento@inbox.com','940193297'),(685,'Kelly Guilheiro ','kelly.guilheiro@zoho.com','966214368'),(686,'Diamantino Caçoilo Bingre ','diamantino.947@gmail.com','939439175'),(687,'Dilan Keil ','dilankeil@outlook.com','960072534'),(688,'Gaia Padilha ','gaiapadilha130@live.com','906178530'),(689,'Elói Esteves Brás ','elóibrás@live.com','953481548'),(690,'Jerónimo Inácio Negreiros ','jerónimonegreiros836@qq.com','912063569'),(691,'Dinis Fiães Orriça ','dinis741@outlook.com','944067067'),(692,'Nazar Foquiço Barroqueiro Mota ','nazarmota@mail.ru','981115059'),(693,'Ranya Bencatel Palha Cerqueira ','ranyacerqueira@mail.ru','918834610'),(694,'Alexandra Maior Vidigal ','alexandravidigal549@comcast.net','977334086'),(695,'Dina Keil Mangueira ','dinamangueira152@live.com','917465611'),(696,'Adriele Roçadas ','adriele.roçadas147@yahoo.co.jp','935892111'),(697,'Alice Pastana Abelho ','aliceabelho590@mail.ru','989316238'),(698,'Dante Moreno ','dante.moreno@comcast.net','938124321'),(699,'Aysha Tomé Maior ','ayshamaior@live.com','907126301'),(700,'Nélia Bensaúde Brasil ','nélia.brasil895@protonmail.com','946235725'),(701,'Álvaro Fiães ','álvaro42@163.com','944809294'),(702,'Éric Estrela ','é.estrela840@inbox.com','908813395'),(703,'Nancy Cirne Palha ','nancypalha205@qq.com','983245857'),(704,'Jerónimo Morais Castelo Eanes ','jerónimoeanes@comcast.net','999238516'),(705,'Sarah Damásio ','sarahdamásio@aol.com','999661937'),(706,'Alicia Lobato Torres ','alicia.torres@aol.com','902480147'),(707,'Kyara Teves Espargosa ','kyaraespargosa@aol.com','947007758'),(708,'Martín Capucho Padilha ','martín961@outlook.com','995747205'),(709,'Melinda Miguéis ','melindamiguéis@inbox.com','931922553'),(710,'Andra Campelo Uchoa ','aandrauchoa@163.com','959928267'),(711,'Nataniel Keil ','nnatanielkeil@yandex.com','989319323'),(712,'Milana Ninharelhos Vilarinho ','milanavilarinho@gmx.com','926815478'),(713,'Joana Simas Frois ','joana.frois@mail.com','931968623'),(714,'Cristina Vilar Ataíde ','cristina.vilarataíde@yahoo.co.jp','955880923'),(715,'Gastão Serpa ','gastãoserpa@inbox.com','934852315'),(716,'Thaís Brasil ','thaísbrasil@comcast.net','935883672'),(717,'Lunna Paz Seixas Noronha ','lunnanoronha300@outlook.com.br','946671904'),(718,'Matias Outeiro ','mmatiasouteiro@gmx.com','961199324'),(719,'Brian Pescada Ávila ','brianávila834@yahoo.com','998493470'),(720,'Jun Uchoa Simão Pedro ','junpedro12@gmx.com','977024432'),(721,'Yaroslav Norões ','yaroslavnorões@outlook.com','977176793'),(722,'William Tomé Balsemão ','williambalsemão152@163.com','962175980'),(723,'Piedade Jardim ','piedadejardim@zoho.com','980054818'),(724,'Fatima Caçoilo Távora ','fatima.távora425@163.com','978541192'),(725,'Daiana Bivar ','daianabivar617@yahoo.co.jp','953335695'),(726,'Maiara Figueiredo ','maiara.figueiredo458@zoho.com','962507371'),(727,'Estrela Chainho ','estrelachainho@hotmail.com','959805582'),(728,'Jandira Jardim ','jandirajardim@zoho.com','916752162'),(729,'Ibrahim Trigueiro ','ibrahim310@mail.ru','911353067'),(730,'Milan Cachoeira ','milancachoeira@comcast.net','920469176'),(731,'Cármen Ninharelhos Jardim Brasil ','cármenbrasil@rocketmail.com','964266305'),(732,'Joice Foquiço Ataíde Cerqueira ','joicecerqueira@qq.com','982086761'),(733,'Mellyssa Angelim Inácio ','mellyssa.inácio586@protonmail.com','961067367'),(734,'Yi Bencatel Dâmaso ','yi550@comcast.net','972161050'),(735,'Arman Lousã Barroqueiro Dourado ','armandourado@163.com','957582324'),(736,'Inaaya Casqueira Capucho Pescada ','inaaya.pescada752@qq.com','936753730'),(737,'Noemi Barroca ','noemi.barroca496@comcast.net','926837622'),(738,'Antonia Ninharelhos Cirne ','antonianinharelhoscirne@yandex.com','900048487'),(739,'Katia Ramires ','kkatiaramires14@mail.com','955262245'),(740,'Breno Simão Barrico ','bbrenobarrico@yandex.com','963669137'),(741,'Maximus Casqueira ','m.casqueira282@yahoo.co.jp','937400291'),(742,'Julieta Chagas Uchoa ','julieta.uchoa580@hotmail.com','972562987'),(743,'Vicente Severiano ','vicenteseveriano@outlook.com.br','918627490'),(744,'Alexandra Castanheda ','alexandra.castanheda19@gmail.com','938106348'),(745,'Dante Belchiorinho ','dante.belchiorinho@qq.com','916272363'),(746,'Elijah Passarinho Cerqueira ','elijahcerqueira@mail.ru','939933777'),(747,'Willian Keil Norões ','williannorões@yandex.com','935987852'),(748,'Patrícia Caçoilo ','ppatríciacaçoilo607@yandex.com','964313330'),(749,'Andra Cavalheiro Palha Mantas ','andramantas@yahoo.co.jp','961414128'),(750,'Georgi Cambezes ','g.cambezes706@qq.com','938882832'),(751,'Laís Brás ','llaísbrás921@gmx.com','973589369'),(752,'Alvin Negreiros ','alvin.negreiros@icloud.com','910656013'),(753,'Arina Bensaúde Alencar ','a.bensaúdealencar@zoho.com','958977480'),(754,'Maya Castanheda Bivar Bingre ','maya.bingre599@gmail.com','999011086'),(755,'Dulce Sodré Lobato ','dulce.lobato@inbox.com','976885055'),(756,'Kendra Quinterno ','kendra.quinterno916@protonmail.com','940465451'),(757,'Ayra Sardinha ','ayrasardinha@outlook.com.br','919099404'),(758,'Dominic Maranhão ','dominicmaranhão@protonmail.com','978323180'),(759,'Felipe Custódio Marroquim ','f.marroquim@inbox.com','927144908'),(760,'Lázaro Cambezes Leão ','llázaro48@hotmail.com','998291203'),(761,'Marie Frois Campelo ','mariecampelo@mail.com','979881233'),(762,'Nuno Severo ','nunosevero@live.com','994342223'),(763,'Bruna Barroca Vargas ','brunavargas272@protonmail.com','995307670'),(764,'Letizia Ramos Parracho ','lletiziaparracho948@yahoo.co.jp','980687773'),(765,'Natacha Vargas Jardim ','natachajardim@mail.ru','933673784'),(766,'Lucília Dourado ','l.dourado@live.com','934565138'),(767,'Soraia Álvares Godinho ','ssoraiagodinho742@zoho.com','930192714'),(768,'Telmo Angelim Morais ','ttelmomorais@protonmail.com','929804754'),(769,'Bela Ávila Estrela ','belaávilaestrela@mail.ru','963821130'),(770,'Eshal Marçal Furtado ','eshal.furtado503@qq.com','901099110'),(771,'Luka Paz ','llukapaz@outlook.com.br','961558128'),(772,'Nilo Fortes ','nilofortes@mail.com','938807837'),(773,'Renata Curado ','renatacurado@hotmail.com','905901263'),(774,'Soraya Leão ','soraya559@aol.com','926346458'),(775,'Willian Ataíde Carqueijeiro ','wwilliancarqueijeiro515@yahoo.com','927216029'),(776,'Noémi Vilaça Teixeira ','noémiteixeira@live.com','931631425'),(777,'Francisca Souto Barroqueiro ','franciscabarroqueiro@aol.com','917384989'),(778,'Maximus Torres ','mmaximustorres@qq.com','946537877'),(779,'Isis Bivar Uchoa Cavalheiro ','isis.cavalheiro@163.com','939830365'),(780,'Felipe Barreto ','felipebarreto35@zoho.com','941599002'),(781,'Cristal Carqueijeiro Marçal ','cristal.659@protonmail.com','913359364'),(782,'Kira Eanes Caçoilo ','kira.caçoilo@rocketmail.com','906373636'),(783,'Dafne Carqueijeiro ','dafnecarqueijeiro@yahoo.com','952049287'),(784,'Jia Peseiro Montenegro ','jiamontenegro886@zoho.com','959223197'),(785,'Bruno Baião Aquino Capucho ','bruno273@mail.com','907463689'),(786,'Melody Lobato ','melodylobato@hotmail.com','911534205'),(787,'Naiara Souto Távora Guilheiro ','naiaraguilheiro@aol.com','900044363'),(788,'Sebastian Osório ','sebastianosório@aol.com','978396636'),(789,'Arman Orriça Laureano Paz ','arman.paz@inbox.com','944495348'),(790,'Teófilo Furquim ','teófilofurquim@live.com','954476826'),(791,'Andrea Zagalo Albuquerque ','andrea.albuquerque@icloud.com','985208086'),(792,'Kleyton Argolo ','kleytonargolo@outlook.com','997590201'),(793,'Rossana Pinto Cambezes ','rossanacambezes@gmx.com','914368826'),(794,'Concha Farinha Seixas ','concha.seixas@gmx.com','978736360'),(795,'Leonor Casqueira Parracho ','leonorparracho178@mail.ru','955592348'),(796,'Jael Argolo ','jaelargolo913@yandex.com','994427842'),(797,'Agatha Mota Roçadas ','agatha.roçadas280@protonmail.com','930818556'),(798,'Zita Padilha Tabosa ','zitatabosa@comcast.net','998661284'),(799,'Yasmin Cirne ','yasmincirne107@yandex.com','956274569'),(800,'Yuri Gago ','yuri871@comcast.net','940262570'),(801,'Dádiva Pinto Vergueiro ','dádivavergueiro@zoho.com','992202301'),(802,'Morgana Vilar Sandinha ','morganasandinha@zoho.com','960255083'),(803,'Daniil Cerqueira Peseiro Valadão ','daniil.valadão@live.com','947986193'),(804,'Thomas Matosinhos ','t.matosinhos337@comcast.net','936557520'),(805,'Girisha Valverde ','girisha.valverde594@gmail.com','967076930'),(806,'Gianluca Norões ','gianluca.norões@yahoo.com','902685917'),(807,'Carmen Eanes Tabosa ','ccarmentabosa@yahoo.co.jp','966889062'),(808,'Bárbara Galante Figueiredo Eanes ','bárbara.eanes@protonmail.com','912394279'),(809,'Samanta Cruz Farinha Mont\'Alverne ','samantamont\'alverne@mail.com','942842465'),(810,'Yasmin Correia Marçal Curado ','yasmincorreiamarçalcurado@protonmail.com','959332144'),(811,'Alma Furtado Bensaúde ','alma.bensaúde@qq.com','936029580'),(812,'Lyah Basílio Passarinho ','lyahpassarinho@gmail.com','920219260'),(813,'Edwin Peseiro Brasil ','edwin.762@outlook.com','958577547'),(814,'Dominika Torreiro ','dominika980@yahoo.com','904013034'),(815,'Nayla Arantes Capucho ','nayla901@yandex.com','930190076'),(816,'Lorena Miguéis Simas ','llorenamiguéissimas@protonmail.com','945498476'),(817,'Raina Balsemão Brás ','rainabrás667@zoho.com','915204388'),(818,'Berenice Álvares Godinho ','berenicegodinho@aol.com','916563274'),(819,'Arina Amorim Ninharelhos Inácio ','arinainácio684@qq.com','985452839'),(820,'Grace Caçoilo Toste ','ggracetoste@protonmail.com','936437837'),(821,'Martim Ramires ','martim.ramires@inbox.com','941234731'),(822,'Luísa Paz ','luísa744@yahoo.co.jp','950373197'),(823,'Rafaela Amorim Lobato ','rafaela.lobato868@protonmail.com','956684120'),(824,'Jonathan Branco Mourinho ','jjonathanmourinho430@gmx.com','917526091'),(825,'Dilan Pinto Moreno ','d.moreno@163.com','910692251'),(826,'Neide Curado Custódio Alencar ','neidealencar@yahoo.co.jp','913016171'),(827,'Flávio Paz Pais ','flávio.pais57@yahoo.co.jp','988027352'),(828,'Magda Aquino Bencatel ','magdabencatel@rocketmail.com','906089178'),(829,'Rúdi Dorneles Custódio ','rúdi.custódio18@aol.com','970020322'),(830,'Morgana Vidigal Belo ','morgana.belo@yahoo.com','967333883'),(831,'Maxim Castelo ','mmaximcastelo495@mail.com','950183745'),(832,'Laís Brião ','l.brião131@yandex.com','933773157'),(833,'Denis Quintanilha ','denis.quintanilha@protonmail.com','903995288'),(834,'Renata Marinho ','renatamarinho@mail.ru','906908308'),(835,'Jacira Peseiro Tomé ','jaciratomé@yahoo.com','963985980'),(836,'Manuel Meneses ','manuel.meneses55@163.com','980943571'),(837,'Brianna Abelho ','bbriannaabelho539@outlook.com','927141804'),(838,'Máximo Castelo Branco Sarmento ','máximosarmento@aol.com','974013136'),(839,'Apolo Vilarinho Alvelos ','apoloalvelos@rocketmail.com','949573538'),(840,'Anaísa Bivar Angelim ','anaísa.angelim148@yahoo.co.jp','957412245'),(841,'Kamila Castanheda ','kamilacastanheda93@rocketmail.com','939024712'),(842,'Hilário Valadim ','hiláriovaladim@protonmail.com','915647677'),(843,'Eleonor Pastana Sandinha ','eleonorsandinha@yahoo.co.jp','981022810'),(844,'Hawa Torreiro Guilheiro ','hawaguilheiro@icloud.com','920645764'),(845,'Maimuna Carreiro ','m.carreiro426@mail.ru','944173121'),(846,'Suria Fitas Basílio ','suriabasílio@gmail.com','906530883'),(847,'Melody Ramos ','mmelodyramos@protonmail.com','937335985'),(848,'Oleksandr Vilarinho Padilha ','ooleksandrpadilha@inbox.com','902114828'),(849,'Alexia Pescada ','alexia.pescada@qq.com','932011155'),(850,'Mathias Quintão Dourado ','mathiasdourado@hotmail.com','916515622'),(851,'Viktoria Cachoeira ','viktoriacachoeira@mail.ru','913124429'),(852,'Mellanie Fortes Ramos ','mellanieramos@hotmail.com','921178854'),(853,'Eleonor Cruz ','eeleonorcruz@live.com','978032680'),(854,'Artur Barroqueiro ','a.barroqueiro@yandex.com','901260088'),(855,'Matteo Filipe Angelim ','matteo353@hotmail.com','989783555'),(856,'Rafaela Dâmaso Albuquerque ','rafaelaalbuquerque@gmx.com','907806533'),(857,'Suéli Torres Brum ','suélibrum403@hotmail.com','938117049'),(858,'Kevin Pescada ','k.pescada428@mail.com','965124321'),(859,'Angélica Sarmento Leão ','aangélicaleão331@qq.com','963596532'),(860,'Amora Madeira Caçoilo ','amora.caçoilo613@live.com','933571058'),(861,'Telmo Frois Chagas Peseiro ','telmo.peseiro@163.com','918072371'),(862,'Leah Inácio Dâmaso ','lleahináciodâmaso@live.com','908819097'),(863,'Lívia Mendonça ','llíviamendonça@rocketmail.com','907068208'),(864,'Lea Fiães Vilarinho Sales ','lea.sales@gmx.com','907299904'),(865,'Elizabeth Vilar Ataíde ','elizabeth.vilarataíde@qq.com','970059444'),(866,'Lyara Peralta Barrico ','lyara.barrico@yandex.com','901437577'),(867,'Lucy Brião ','lucy.brião@aol.com','981755328'),(868,'Elijah Chamusca Casqueira ','elijah.casqueira@mail.ru','972624495'),(869,'Ava Sarmento Paz ','avasarmentopaz@gmx.com','964718920'),(870,'Hazael Pinto ','hazaelpinto@zoho.com','967343005'),(871,'Christian Café ','christiancafé146@gmail.com','997876679'),(872,'Kevin Damásio ','kevindamásio@outlook.com.br','983961252'),(873,'Kaya Lousã Chainho ','kayachainho@mail.com','976738054'),(874,'Giovani Bensaúde ','giovani.bensaúde@mail.com','973573815'),(875,'Martin Montenegro ','martinmontenegro@inbox.com','906272513'),(876,'Léon Simão ','lléonsimão@yandex.com','990308441'),(877,'India Ramires Alencar ','indiaalencar@outlook.com','919743187'),(878,'Elizabeth Peseiro Teves ','elizabeth.teves@outlook.com.br','936035544'),(879,'Telma Peralta Peseiro Bencatel ','ttelmabencatel26@163.com','921084743'),(880,'Baltasar Chamusca Lousã ','baltasarlousã752@outlook.com.br','924544180'),(881,'Kendrick Guerra Álvares ','kendrickguerraálvares@gmx.com','991958108'),(882,'Milan Foquiço ','milanfoquiço302@yahoo.com','909806568'),(883,'Kévim Norões Simão ','k.simão@aol.com','907544096'),(884,'Rebecca Aquino Keil ','rebeccakeil@zoho.com','980180320'),(885,'Djayson Ramires Capucho ','ddjaysoncapucho838@yahoo.co.jp','992706647'),(886,'Lisandra Bingre Sardinha ','lisandrasardinha@yahoo.co.jp','941696512'),(887,'Genésia Campos Tigre ','genésiatigre@yahoo.com','966257023'),(888,'Denise Mourinho Frois ','ddenisefrois@icloud.com','922192909'),(889,'Thomas Candeias ','thomascandeias250@zoho.com','940864918'),(890,'William Brum Dâmaso ','wwilliamdâmaso@qq.com','933021293'),(891,'Marcus Chagas Tigre ','mmarcuschagastigre@gmail.com','993116404'),(892,'Arianna Guilheiro Álvares ','ariannaálvares@protonmail.com','930353030'),(893,'Viktoriya Albuquerque Avelar ','viktoriyaavelar@yandex.com','965925835'),(894,'Alice Chainho Angelim ','alice33@outlook.com','904741009'),(895,'Calebe Leão ','calebe.474@protonmail.com','970797499'),(896,'Brian Orriça Pedro ','brian.pedro361@outlook.com','948716629'),(897,'Derek Farinha ','derekfarinha@hotmail.com','956596506'),(898,'Mafalda Osório ','mafalda.949@comcast.net','939452691'),(899,'Kelton Fiães Serpa ','keltonserpa986@gmx.com','933292286'),(900,'Nélia Pinto Pastana ','néliapastana@live.com','925932246'),(901,'Cinara Peseiro Pais ','cinarapais@gmx.com','952370564'),(902,'Artyom Álvares Mantas ','artyommantas429@mail.ru','976998202'),(903,'Gilson Feira Sintra ','gilson.sintra118@icloud.com','919871922'),(904,'Válter Ataíde Fortes ','válterfortes@aol.com','992297365'),(905,'Jonatã Charneca ','jjonatãcharneca@icloud.com','981407570'),(906,'Josué Candeias Keil ','jjosuékeil@outlook.com.br','995353190'),(907,'Yu Chagas Carvalho ','yu.carvalho103@yahoo.com','919514328'),(908,'Juliano Maior Arantes Noleto ','julianonoleto@outlook.com.br','925016156'),(909,'Roberta Belo Damásio ','robertabelodamásio@zoho.com','935840029'),(910,'Silvestre Dourado Gago ','silvestregago367@icloud.com','971208234'),(911,'Érico Tabosa Barroca ','éricobarroca51@aol.com','990148199'),(912,'Asael Feira ','asaelfeira@outlook.com.br','941643486'),(913,'Abílio Candeias Curado ','abíliocurado@qq.com','920949846'),(914,'Andressa Inácio ','andressainácio378@comcast.net','988596705'),(915,'Lira Charneca ','lliracharneca@hotmail.com','916091461'),(916,'Ava Cavalheiro Foquiço Bulhões ','ava.bulhões22@aol.com','942312944'),(917,'Melinda Furtado Montenegro ','melinda120@mail.com','952966261'),(918,'Layra Castanheda ','layra.castanheda@163.com','902007548'),(919,'Rúdi Passarinho Toste ','rúditoste222@mail.com','938425776'),(920,'Aicha Simas ','aichasimas634@rocketmail.com','934246456'),(921,'Oliver Brás ','oliver.810@icloud.com','962480322'),(922,'Tiara Campos Sandinha ','ttiarasandinha999@qq.com','971547954'),(923,'Felipe Lemos Fortes ','felipefortes@comcast.net','992048276'),(924,'Lais Baião ','laisbaião531@live.com','902305340'),(925,'George Morais Palha ','georgepalha@live.com','994767231'),(926,'Aron Castelo Ávila ','aroncasteloávila@protonmail.com','964949047'),(927,'Otília Sarmento Colaço ','otíliacolaço@mail.ru','992815114'),(928,'Kataleya Caçoilo ','kataleyacaçoilo@protonmail.com','904087467'),(929,'Latifa Vargas Carreiro ','latifacarreiro@outlook.com','904134502'),(930,'Isabelly Casqueira ','isabellycasqueira@hotmail.com','984055606'),(931,'Rodney Ninharelhos Foquiço ','rodney.foquiço@yahoo.com','900423196'),(932,'Maria Ramires Cavalheiro ','mmariacavalheiro@hotmail.com','920322814'),(933,'Bryan Guimarães Valadão ','bbryanvaladão853@protonmail.com','914555071'),(934,'Veronika Sodré Cambezes ','veronika571@mail.com','920790090'),(935,'Bebiana Lobato ','bbebiana794@gmx.com','914993300'),(936,'Seerat Matosinhos Miguéis ','seeratmiguéis641@mail.com','995010987'),(937,'Kristian Sesimbra Marinho ','kristian.marinho@163.com','936794294'),(938,'Camilo Seixas Mont\'Alverne Miguéis ','c.miguéis@yahoo.co.jp','964470115'),(939,'Sarah Passarinho ','sarah.passarinho998@163.com','910776951'),(940,'Leonel Capucho Castanheda ','leonelcastanheda@mail.com','903567781'),(941,'Fernanda Moreno ','ffernandamoreno@aol.com','924017164'),(942,'KellY Quintão Lira Curado ','kelly.curado619@hotmail.com','902620664'),(943,'íris Inácio Lemos ','í.lemos@163.com','957400028'),(944,'Samanta Outeiro ','samantaouteiro@zoho.com','942471320'),(945,'Cármen Marçal Vergueiro ','cármenvergueiro385@rocketmail.com','971117221'),(946,'Walter Cirne ','waltercirne@outlook.com','911628492'),(947,'Elisabete Lessa Estrela ','elisabete226@icloud.com','915164052'),(948,'Noa Lemos ','noalemos@yahoo.co.jp','981896890'),(949,'Artur Guerra Cesário ','arturguerracesário@hotmail.com','977720064'),(950,'Débora Cruz ','déboracruz@icloud.com','945121360'),(951,'Viviane Sarmento Jardim ','vvivianejardim232@gmx.com','938900305'),(952,'Ben Frias ','benfrias201@163.com','979320436'),(953,'Alice Simas Gago ','alicegago@zoho.com','969040946'),(954,'Khadija Ávila Colaço ','khadija91@comcast.net','982632392'),(955,'Martinho Meneses Vargas ','martinho869@yahoo.com','959581174'),(956,'Samaritana Palha ','samaritanapalha@mail.ru','954724491'),(957,'Juliana Furquim ','julianafurquim@aol.com','989266635'),(958,'Jasmina Belo Custódio ','jasminacustódio@gmail.com','953983868'),(959,'Leonor Lira Negreiros ','leonor.negreiros@outlook.com.br','946968454'),(960,'Amora Beltrão ','amora.118@yahoo.com','936509597'),(961,'Jefferson Keil ','jefferson490@yandex.com','900469008'),(962,'Lucas Parracho Bulhões ','llucasbulhões@yahoo.co.jp','986885430'),(963,'Oleksandr Fortes Pedroso ','oleksandr.pedroso@hotmail.com','954116939'),(964,'Noah Baptista Branco ','noah.branco836@yahoo.co.jp','912949094'),(965,'Jade Abelho ','jjadeabelho697@live.com','976569815'),(966,'Leia Mourinho Severiano ','leiaseveriano@qq.com','914900974'),(967,'Luke Teixeira ','luke.284@zoho.com','975333167'),(968,'Jia Teixeira ','jiateixeira@qq.com','921066657'),(969,'Hugo Aquino ','hugoaquino@aol.com','929130239'),(970,'Margarida Cirne ','mmargaridacirne@outlook.com','939700002'),(971,'Luísa Mangueira Abreu ','luísaabreu282@live.com','925800822'),(972,'Marisol Belo Sarmento ','marisol.sarmento@outlook.com.br','974790373'),(973,'Yangchen Castelo Souto ','yangchensouto@yahoo.com','992763119'),(974,'Zélia Feira ','zélia.feira@gmail.com','905731248'),(975,'Rosalina Mota Pescada ','rosalinapescada@yahoo.com','974943545'),(976,'Antero Bensaúde Letras ','anteroletras@comcast.net','911822270'),(977,'Alexandra Cerqueira ','alexandracerqueira427@gmx.com','929833241'),(978,'Melody Tristão Inácio ','melodyinácio@live.com','936663009'),(979,'Naíma Castanheda ','naímacastanheda@yandex.com','919232418'),(980,'Arina Casqueira Custódio Pescada ','arinapescada@yahoo.com','944656563'),(981,'Emanuela Letras ','emanuela.letras@rocketmail.com','922171405'),(982,'Oséias Toste Osório ','oséiasosório440@hotmail.com','997134865'),(983,'Henry Angelim Moreno ','henry995@gmx.com','970664163'),(984,'Aryana Mantas Águeda ','aryanaágueda561@outlook.com.br','922254832'),(985,'Paula Ramires Mota ','paula.mota@protonmail.com','958074783'),(986,'William Gago ','williamgago@inbox.com','904808268'),(987,'Yaroslav Campos Keil ','yaroslavkeil@yahoo.com','905385170'),(988,'James Custódio Castelo Severiano ','jamesseveriano950@mail.com','967660030'),(989,'Breno Baptista ','breno.baptista849@hotmail.com','983628740'),(990,'Emma Sarmento Brum ','emmabrum355@comcast.net','957904521'),(991,'Érico Café Cerqueira ','éricocerqueira@inbox.com','932160484'),(992,'Oséias Quintanilha ','oséias.quintanilha@outlook.com','941725278'),(993,'Marlene Paião ','m.paião38@yandex.com','967434039'),(994,'Zoé Lira Cerqueira ','zoécerqueira@mail.ru','941261800'),(995,'Siena Ninharelhos ','sienaninharelhos255@yahoo.com','936027296'),(996,'Jonatã Casqueira Torreiro ','jjonatãtorreiro334@163.com','964396489'),(997,'Elói Colaço ','elóicolaço260@163.com','988537266'),(998,'Liana Correia Ávila ','lianaávila644@mail.ru','953009783'),(999,'Yangchen Lobato ','yangchen.lobato437@mail.com','984563684'),(1000,'Tiago Amorim Bingre ','tiagobingre@zoho.com','973111601');
/*!40000 ALTER TABLE `contacts` ENABLE KEYS */;
UNLOCK TABLES;

--
-- Table structure for table `proposals`
--

DROP TABLE IF EXISTS `proposals`;
/*!40101 SET @saved_cs_client     = @@character_set_client */;
/*!50503 SET character_set_client = utf8mb4 */;
CREATE TABLE `proposals` (
  `id` int NOT NULL AUTO_INCREMENT,
  `client_id` int DEFAULT NULL,
  `defaultContact_id` int DEFAULT NULL,
  `description` varchar(255) DEFAULT NULL,
  `endDate` date DEFAULT NULL,
  `startDate` date DEFAULT NULL,
  `value` decimal(10,2) DEFAULT NULL,
  `status` varchar(50) DEFAULT NULL,
  PRIMARY KEY (`id`),
  KEY `client_id` (`client_id`),
  KEY `defaultContact_id` (`defaultContact_id`),
  CONSTRAINT `proposals_ibfk_1` FOREIGN KEY (`client_id`) REFERENCES `clients` (`id`),
  CONSTRAINT `proposals_ibfk_2` FOREIGN KEY (`defaultContact_id`) REFERENCES `contacts` (`id`)
) ENGINE=InnoDB AUTO_INCREMENT=55 DEFAULT CHARSET=utf8mb4 COLLATE=utf8mb4_0900_ai_ci;
/*!40101 SET character_set_client = @saved_cs_client */;

--
-- Dumping data for table `proposals`
--

LOCK TABLES `proposals` WRITE;
/*!40000 ALTER TABLE `proposals` DISABLE KEYS */;
INSERT INTO `proposals` VALUES (50,1,45,'tristeza','2023-07-15','2023-07-13',50.00,'accepted'),(51,7,977,'solidão ','2023-08-02','2023-07-05',80.00,'rejected'),(52,4,523,'Angústia','2023-08-03','2023-07-22',8000.00,'accepted'),(53,8,942,'Sofrimento','2023-07-15','2023-07-12',950.00,'created'),(54,6,541,'Melancolia','2023-07-20','2023-07-06',7.00,'created');
/*!40000 ALTER TABLE `proposals` ENABLE KEYS */;
UNLOCK TABLES;
/*!40103 SET TIME_ZONE=@OLD_TIME_ZONE */;

/*!40101 SET SQL_MODE=@OLD_SQL_MODE */;
/*!40014 SET FOREIGN_KEY_CHECKS=@OLD_FOREIGN_KEY_CHECKS */;
/*!40014 SET UNIQUE_CHECKS=@OLD_UNIQUE_CHECKS */;
/*!40101 SET CHARACTER_SET_CLIENT=@OLD_CHARACTER_SET_CLIENT */;
/*!40101 SET CHARACTER_SET_RESULTS=@OLD_CHARACTER_SET_RESULTS */;
/*!40101 SET COLLATION_CONNECTION=@OLD_COLLATION_CONNECTION */;
/*!40111 SET SQL_NOTES=@OLD_SQL_NOTES */;

-- Dump completed on 2023-07-13 11:19:39
